INSERT INTO CUSTOMER VALUES ('1001');
INSERT INTO CUSTOMER VALUES ('1002');
INSERT INTO CUSTOMER VALUES ('1003');
INSERT INTO CUSTOMER VALUES ('1004');

INSERT INTO ACCOUNT (ACCOUNT_NUMBER, ACCOUNT_BALANCE,ACCOUNT_NAME, ACCOUNT_TYPE,BALANCE_DATE,CURRENCY_CODE,USER_ID)
VALUES ('10011001', 100101.12,'SGCheck','Check','2019-09-25','SGD','1001');
INSERT INTO ACCOUNT (ACCOUNT_NUMBER, ACCOUNT_BALANCE,ACCOUNT_NAME, ACCOUNT_TYPE,BALANCE_DATE,CURRENCY_CODE,USER_ID)
VALUES ('10011002',100100.65,'AUSavings','Savings','2019-09-26','AUD','1001');
INSERT INTO ACCOUNT (ACCOUNT_NUMBER, ACCOUNT_BALANCE,ACCOUNT_NAME, ACCOUNT_TYPE,BALANCE_DATE,CURRENCY_CODE,USER_ID)
VALUES  ('10011003', 100102.56,'SGSavings','Savings','2019-08-02','SGD','1001');
INSERT INTO ACCOUNT (ACCOUNT_NUMBER, ACCOUNT_BALANCE,ACCOUNT_NAME, ACCOUNT_TYPE,BALANCE_DATE,CURRENCY_CODE,USER_ID)
VALUES ('10011004',100103.00,'AUCurrent','Current','2019-06-12','AUD','1001');
INSERT INTO ACCOUNT (ACCOUNT_NUMBER, ACCOUNT_BALANCE,ACCOUNT_NAME, ACCOUNT_TYPE,BALANCE_DATE,CURRENCY_CODE,USER_ID)
VALUES  ('10021001', 100299999.56,'SGCheck','Check','2019-09-25','SGD','1002');
INSERT INTO ACCOUNT (ACCOUNT_NUMBER, ACCOUNT_BALANCE,ACCOUNT_NAME, ACCOUNT_TYPE,BALANCE_DATE,CURRENCY_CODE,USER_ID)
VALUES  ('10021002',100210001.00,'AUSavings','Savings','2019-09-26','AUD','1002');
INSERT INTO ACCOUNT (ACCOUNT_NUMBER, ACCOUNT_BALANCE,ACCOUNT_NAME, ACCOUNT_TYPE,BALANCE_DATE,CURRENCY_CODE,USER_ID)
VALUES  ('10021003', 100210101.56,'SGCheck','Checking','2019-09-25','SGD','1002');
INSERT INTO ACCOUNT (ACCOUNT_NUMBER, ACCOUNT_BALANCE,ACCOUNT_NAME, ACCOUNT_TYPE,BALANCE_DATE,CURRENCY_CODE,USER_ID)
VALUES  ('10021004',1002111.00,'AUCurrent','Current','2019-09-26','AUD','1002');
INSERT INTO ACCOUNT (ACCOUNT_NUMBER, ACCOUNT_BALANCE,ACCOUNT_NAME, ACCOUNT_TYPE,BALANCE_DATE,CURRENCY_CODE,USER_ID)
VALUES  ('10031001', 1003.56,'SGChecking','Checking','2019-09-25','SGD','1003');
INSERT INTO ACCOUNT (ACCOUNT_NUMBER, ACCOUNT_BALANCE,ACCOUNT_NAME, ACCOUNT_TYPE,BALANCE_DATE,CURRENCY_CODE,USER_ID)
VALUES  ('10031002',10030000.98,'AUSavings','Savings','2019-09-26','AUD','1003');


INSERT INTO TRANSACTION (TRANSACTION_ID, CURRENCY_CODE,IS_CREDIT, TRANSACTION_AMOUNT,VALUE_DATE,TRANSACTION_NARRATIVE,ACCOUNT_NUMBER)
VALUES ('12379707','AUD',true,23123123.43,'2019-09-26','Credit Transaction','10011001');
INSERT INTO TRANSACTION (TRANSACTION_ID, CURRENCY_CODE,IS_CREDIT, TRANSACTION_AMOUNT,VALUE_DATE,TRANSACTION_NARRATIVE,ACCOUNT_NUMBER)
VALUES ('12379708','AUD',true,23123123.43,'2019-09-26','Credit Transaction','10011001');
INSERT INTO TRANSACTION (TRANSACTION_ID, CURRENCY_CODE,IS_CREDIT, TRANSACTION_AMOUNT,VALUE_DATE,TRANSACTION_NARRATIVE,ACCOUNT_NUMBER)
VALUES ('12379709','AUD',false,-23123123.43,'2019-09-26','Debit Transaction','10011001');
INSERT INTO TRANSACTION (TRANSACTION_ID, CURRENCY_CODE,IS_CREDIT, TRANSACTION_AMOUNT,VALUE_DATE,TRANSACTION_NARRATIVE,ACCOUNT_NUMBER)
VALUES ('12379710','SGD',false,-7978799.43,'2019-09-27','Debit Transaction','10021001');


INSERT INTO TRANSACTION (TRANSACTION_ID, CURRENCY_CODE,IS_CREDIT, TRANSACTION_AMOUNT,VALUE_DATE,TRANSACTION_NARRATIVE,ACCOUNT_NUMBER)
VALUES ('22379707','AUD',true,23123123.43,'2019-09-26','Credit Transaction','10011002');
INSERT INTO TRANSACTION (TRANSACTION_ID, CURRENCY_CODE,IS_CREDIT, TRANSACTION_AMOUNT,VALUE_DATE,TRANSACTION_NARRATIVE,ACCOUNT_NUMBER)
VALUES ('22379708','AUD',true,23123123.43,'2019-09-26','Credit Transaction','10011002');
INSERT INTO TRANSACTION (TRANSACTION_ID, CURRENCY_CODE,IS_CREDIT, TRANSACTION_AMOUNT,VALUE_DATE,TRANSACTION_NARRATIVE,ACCOUNT_NUMBER)
VALUES ('22379709','AUD',false,-23123123.43,'2019-09-26','Debit Transaction','10011002');
INSERT INTO TRANSACTION (TRANSACTION_ID, CURRENCY_CODE,IS_CREDIT, TRANSACTION_AMOUNT,VALUE_DATE,TRANSACTION_NARRATIVE,ACCOUNT_NUMBER)
VALUES ('22379710','SGD',false,-7978799.43,'2019-09-27','Debit Transaction','10011002');
INSERT INTO TRANSACTION (TRANSACTION_ID, CURRENCY_CODE,IS_CREDIT, TRANSACTION_AMOUNT,VALUE_DATE,TRANSACTION_NARRATIVE,ACCOUNT_NUMBER)
VALUES ('22379717','AUD',true,23123123.43,'2019-09-26','Credit Transaction 2','10011002');
INSERT INTO TRANSACTION (TRANSACTION_ID, CURRENCY_CODE,IS_CREDIT, TRANSACTION_AMOUNT,VALUE_DATE,TRANSACTION_NARRATIVE,ACCOUNT_NUMBER)
VALUES ('22379718','AUD',true,23123123.43,'2019-09-26','Credit Transaction','10011002');
INSERT INTO TRANSACTION (TRANSACTION_ID, CURRENCY_CODE,IS_CREDIT, TRANSACTION_AMOUNT,VALUE_DATE,TRANSACTION_NARRATIVE,ACCOUNT_NUMBER)
VALUES ('22379719','AUD',false,-23123123.43,'2019-09-26','Debit Transaction','10011002');
INSERT INTO TRANSACTION (TRANSACTION_ID, CURRENCY_CODE,IS_CREDIT, TRANSACTION_AMOUNT,VALUE_DATE,TRANSACTION_NARRATIVE,ACCOUNT_NUMBER)
VALUES ('22379711','SGD',false,-7978799.43,'2019-09-27','Debit Transaction','10011002');

INSERT INTO TRANSACTION (TRANSACTION_ID, CURRENCY_CODE,IS_CREDIT, TRANSACTION_AMOUNT,VALUE_DATE,TRANSACTION_NARRATIVE,ACCOUNT_NUMBER)
VALUES ('32379710','SGD',false,-98799.43,'2019-09-27','Debit Transaction','10031001');
INSERT INTO TRANSACTION (TRANSACTION_ID, CURRENCY_CODE,IS_CREDIT, TRANSACTION_AMOUNT,VALUE_DATE,TRANSACTION_NARRATIVE,ACCOUNT_NUMBER)
VALUES ('32379711','AUD',true, 799.43,'2019-09-22','Credit Transaction','10031001');

INSERT INTO TRANSACTION (TRANSACTION_ID, CURRENCY_CODE,IS_CREDIT, TRANSACTION_AMOUNT,VALUE_DATE,TRANSACTION_NARRATIVE,ACCOUNT_NUMBER)
VALUES ('42379709','AUD',false,-3123.43,'2019-01-26','Debit Transaction','10031002');